id,Name,titleProject_id,class,score,login,password
1,Папандина Клавдия Яковлевна,304,9в5, Папандина_КЯ,yHFJPzvk
2,Белагина Галина Андреевна,396,9а4, Белагина_ГА,PKL6OxX5
3,Кижняева Анна Леонидовна,178,7и2, Кижняева_АЛ,OVX0VoAs
4,Цывин Олег Яковлевич,446,7т2, Цывин_ОЯ,tdorDKAa
5,Жидняева Ксения Эдуардовна,373,7х4, Жидняева_КЭ,4eg0nShH
6,Липковский Анатолий Иванович,144,10а2, Липковский_АИ,lhRHW4oF
7,Меднова Наталья Богдановна,290,7и5, Меднова_НБ,iXURUlIy
8,Житихин Вячеслав Романович,141,9а5, Житихин_ВР,0O5UlYRH
9,Шеврина Полина Максимовна,33,11а5, Шеврина_ПМ,OAawtoCs
10,Алпеев Валентин Данилович,323,8а2, Алпеев_ВД,pPH2JVLW
11,Золикова Клара Игоревна,364,10х2, Золикова_КИ,QENJRX29
12,Дориков Дмитрий Петрович,296,10г5, Дориков_ДП,OLUct3pr
13,Корабышев Кирилл Михаилович,302,8и5, Корабышев_КМ,C16iwdX9
14,Ростовиков Константин Николаевич,336,10а2, Ростовиков_КН,FOkUzmXT
15,Нехаев Дмитрий Фёдорович,129,7х4, Нехаев_ДФ,GnNHyp2P
16,Зызлова Мария Николаевна,430,8г3, Зызлова_МН,NNBNvkna
17,Королупов Валерий Тимофеевич,397,10д5, Королупов_ВТ,5eNy50xO
18,Стенцов Евгений Яковлевич,315,8и4, Стенцов_ЕЯ,32ET7BZo
19,Феклисов Константин Виталиевич,270,9тNone, Феклисов_КВ,TCDZd4Kp
20,Синелев Руслан Тимофеевич,300,8и2, Синелев_РТ,V2DnMVp3
21,Опевалова Вера Евгеньевна,473,9д5, Опевалова_ВЕ,OPpyZQMY
22,Назерова Вероника Василевна,206,7б5, Назерова_ВВ,90TcfziX
23,Дименская Светлана Дмитриевна,387,9д5, Дименская_СД,6VVZrHrE
24,Ковторева Раиса Василевна,482,9и2, Ковторева_РВ,5cEsVPlU
25,Кулишнин Вячеслав Яковлевич,386,11х5, Кулишнин_ВЯ,AwCJ9Xrt
26,Лексин Кирилл Антонович,139,7в5, Лексин_КА,MMBEnDgX
27,Лаковский Григорий Василиевич,240,7д5, Лаковский_ГВ,6yKRJKai
28,Барамыкова Александра Алексеевна,106,10а3, Барамыкова_АА,ZGmkMXS2
29,Плясулина Оксана Андреевна,346,8х2, Плясулина_ОА,sCfvIgjK
30,Петрикеев Станислав Яковлевич,14,7и4, Петрикеев_СЯ,7Iy0CySh
31,Моторыгин Илья Георгиевич,238,10и5, Моторыгин_ИГ,8OnR1BTe
32,Рыков Тарас Павлович,174,10и5, Рыков_ТП,yOZDazPR
33,Иончикова Елизавета Егоровна,169,8д5, Иончикова_ЕЕ,IDUPRtVI
34,Смолькина Алиса Егоровна,441,7г5, Смолькина_АЕ,TTmIz3BN
35,Оболенин Герасим Павлович,472,7и4, Оболенин_ГП,6AbUkPPz
36,Трощинский Георгий Борисович,67,9д3, Трощинский_ГБ,Ck3YaAon
37,Поддубская Лиза Игоревна,496,10а4, Поддубская_ЛИ,XEsM040d
38,Телькова Валерия Олеговна,335,7х4, Телькова_ВО,3CXSFAh4
39,Чигварина Александра Алексеевна,428,10б2, Чигварина_АА,U2FNTgQT
40,Киреевский Артур Игоревич,119,7в3, Киреевский_АИ,uSQ29Fh0
41,Шумейкин Роман Павлович,420,8в5, Шумейкин_РП,fts5sIpn
42,Трушинов Максим Алексиевич,82,8и4, Трушинов_МА,T3tvxFqK
43,Голюков Денис Сергеевич,62,11б4, Голюков_ДС,zyLOGHPE
44,Хлиманкова Надежда Валерьевна,461,10б3, Хлиманкова_НВ,MeL60XTz
45,Кулаженков Алексей Олегович,367,10в2, Кулаженков_АО,OjZHcYB6
46,Бутукин Владимир Адамович,221,7х5, Бутукин_ВА,NAdHoifm
47,Поддуев Леонид Олегович,149,9х4, Поддуев_ЛО,MDtQ30l4
48,Ревцев Василий Павлович,360,9х5, Ревцев_ВП,ARPOiqaf
49,Старокожев Артём Юрьевич,46,8д3, Старокожев_АЮ,eBuAGZ4q
50,Светошев Максим Михаилович,321,10х2, Светошев_ММ,qvm3aOoN
51,Старынина Кристина Федоровна,266,9д3, Старынина_КФ,61oESB0L
52,Востров Дмитрий Денисович,282,9г3, Востров_ДД,ef0ID2ql
53,Бураханова Анастасия Леонидовна,16,8г2, Бураханова_АЛ,9d0J86G1
54,Понизов Виктор Кириллович,214,11и5, Понизов_ВК,1FNIFQ9e
55,Суздалев Валерий Алексеевич,66,11т5, Суздалев_ВА,Z0Jae2mr
56,Колендин Дмитрий Алексеевич,153,10в4, Колендин_ДА,LFd2zk5g
57,Сулькова Екатерина Андреевна,325,8и4, Сулькова_ЕА,auGgcxHg
58,Аржевитова Надежда Федоровна,242,10в2, Аржевитова_НФ,n5WCLuZE
59,Крассов Валерий Олегович,201,8х5, Крассов_ВО,6VyCT5Kd
60,Сонураева Инна Андреевна,450,9т3, Сонураева_ИА,V8qDcLD8
61,Пашин Роман Вадимович,204,10д2, Пашин_РВ,h8pmdRBX
62,Фичкина Евгения Федоровна,29,11д3, Фичкина_ЕФ,OBgT8lCc
63,Свилин Олег Виталиевич,123,8в2, Свилин_ОВ,yYAfl0QK
64,Рогоцкий Андрей Адамович,142,9в2, Рогоцкий_АА,q4AfZBRJ
65,Ахантьев Игорь Валериевич,80,10д5, Ахантьев_ИВ,dHQBhXvI
66,Сочиникова Ксения Кирилловна,100,10д2, Сочиникова_КК,6CmzXG4h
67,Остюков Артур Романович,329,11и3, Остюков_АР,pDdy5Suz
68,Брюкина Оксана Викторовна,98,8в5, Брюкина_ОВ,APEPB5OR
69,Кузовенков Игорь Юрьевич,322,9гNone, Кузовенков_ИЮ,tHAmVjip
70,Калухов Тарас Иванович,207,11а3, Калухов_ТИ,4S0ePTYU
71,Батыров Пётр Виталиевич,227,7и3, Батыров_ПВ,XdIfy65D
72,Озрина Катерина Валерьевна,147,10а4, Озрина_КВ,i619Kpsc
73,Декалова Полина Леонидовна,470,11д5, Декалова_ПЛ,eB0cGRbZ
74,Лосицкий Владимир Кириллович,369,9т5, Лосицкий_ВК,jkmQUCVw
75,Магнусов Пётр Максимович,437,7и5, Магнусов_ПМ,ghhpXIgE
76,Лавренков Михаил Василиевич,188,9б2, Лавренков_МВ,p24P6dp4
77,Шушкалова Вероника Алексеевна,411,8т5, Шушкалова_ВА,nqwDQAwf
78,Бороданова Маргарита Дмитриевна,118,7г5, Бороданова_МД,GASejRey
79,Циркина Виолетта Федоровна,231,9г2, Циркина_ВФ,3n0QSMM9
80,Болохина Екатерина Андреевна,194,11д3, Болохина_ЕА,VXQuD0MG
81,Чукалова Дарья Валерьевна,20,10г4, Чукалова_ДВ,Uj8Wy37k
82,Беловолов Степан Петрович,222,9д2, Беловолов_СП,z6j4vy5Z
83,Зудейкина Вероника Ивановна,166,8и3, Зудейкина_ВИ,RvmM3S0i
84,Макунова Мария Борисовна,47,9в5, Макунова_МБ,1Qy0fzvP
85,Верзанский Геннадий Андреевич,497,7д5, Верзанский_ГА,9c3Ee8FL
86,Алтубин Ярослав Леонидович,414,10г5, Алтубин_ЯЛ,27QaiP5v
87,Аузин Игорь Алексиевич,435,8х5, Аузин_ИА,QgkozUHe
88,Калыгин Степан Тимофеевич,353,8и2, Калыгин_СТ,qL6EGSrM
89,Дурныгина Полина Игоревна,72,8и2, Дурныгина_ПИ,8L7Y3379
90,Антюфеева Александра Вадимовна,347,8и2, Антюфеева_АВ,1SoEj4Nn
91,Лощинский Борис Романович,210,10б3, Лощинский_БР,tnQsfiga
92,Ходорков Евгений Виталиевич,344,9г5, Ходорков_ЕВ,dDYcxp25
93,Кафорин Федор Данилович,427,10д3, Кафорин_ФД,efORdNrv
94,Косынская Алиса Дмитриевна,40,9в3, Косынская_АД,hq8GeY56
95,Беремцев Артём Антонович,434,11т2, Беремцев_АА,7kiredBv
96,Влянская Мария Андреевна,490,7т4, Влянская_МА,wVHpIGGD
97,Мыгеева Лиза Василевна,280,8в5, Мыгеева_ЛВ,6B4w8n2c
98,Акутникова Мария Алексеевна,173,11в2, Акутникова_МА,oFYS79zW
99,Карябкин Константин Максимович,89,7и2, Карябкин_КМ,kVPTC571
100,Прилепина Яна Максимовна,30,10в5, Прилепина_ЯМ,xOSq4uT3
101,Ведищев Никита Георгиевич,365,7и5, Ведищев_НГ,bpS7Hmns
102,Самчева Вероника Борисовна,287,10г3, Самчева_ВБ,8KPqk4IF
103,Пирцхалова Карина Леонидовна,452,10г5, Пирцхалова_КЛ,BLG994l1
104,Павлочев Денис Борисович,432,11д5, Павлочев_ДБ,GEtLZ0So
105,Арашкова Екатерина Евгеньевна,356,8хNone, Арашкова_ЕЕ,rrAIeT42
106,Байсарова Людмила Василевна,215,11и2, Байсарова_ЛВ,GuIEzzJh
107,Кудекина Зинаида Игоревна,250,10и3, Кудекина_ЗИ,wtdFXZGt
108,Дерналов Виталий Викторович,1,9г4, Дерналов_ВВ,3oMBhsSt
109,Сазинова Галина Романовна,61,9и3, Сазинова_ГР,27a82DJn
110,Остаченова Марина Эдуардовна,229,9т5, Остаченова_МЭ,JTkSXE4a
111,Битюкова Яна Егоровна,488,9и4, Битюкова_ЯЕ,5Oj7WoBZ
112,Иваницкий Константин Борисович,232,8д5, Иваницкий_КБ,8ZRRyDhb
113,Белянский Владислав Игоревич,74,11б5, Белянский_ВИ,pVF0PHiR
114,Баранкин Артём Алексеевич,382,9т2, Баранкин_АА,u1Wx5pRN
115,Шкабанова Софья Вадимовна,499,9х4, Шкабанова_СВ,pZEWvH6I
116,Полозлов Денис Адамович,155,8т3, Полозлов_ДА,YqAILRa9
117,Жунина Светлана Михайловна,162,8в3, Жунина_СМ,Fj6U8CH0
118,Пантыкин Борис Игоревич,245,9х2, Пантыкин_БИ,f9Yn8WuN
119,Доутова Марина Богдановна,189,11х2, Доутова_МБ,zw43ZWon
120,Трещалова Яна Андреевна,330,8б3, Трещалова_ЯА,dJB7454c
121,Ивашечкин Александр Данилович,390,10т4, Ивашечкин_АД,csPOWMVb
122,Мазьянова Инна Богдановна,416,11в4, Мазьянова_ИБ,wjeyxrW6
123,Корогев Николай Евгеньевич,184,8б5, Корогев_НЕ,Y9dgAP5L
124,Заидова Галина Максимовна,88,9т4, Заидова_ГМ,OzRnYZhk
125,Рамхин Кирилл Алексиевич,459,9х4, Рамхин_КА,CtdiBugr
126,Кизбабаев Эдуард Фёдорович,415,11т2, Кизбабаев_ЭФ,sG2A9OJi
127,Соурчаков Ярослав Валериевич,268,8б2, Соурчаков_ЯВ,nSMnmdIU
128,Мотяшева Алена Михайловна,404,7т2, Мотяшева_АМ,n6tNkrch
129,Горшкова Наталия Яковлевна,340,11а2, Горшкова_НЯ,CeXjGWfc
130,Зябрицкий Игорь Виталиевич,332,7а5, Зябрицкий_ИВ,dPm0XJE7
131,Шельдяев Игорь Юриевич,97,7д5, Шельдяев_ИЮ,RQewVpzt
132,Шмелькин Максим Викторович,483,9т5, Шмелькин_МВ,SAWcRGbL
133,Жалкин Алексей Алексеевич,43,7а3, Жалкин_АА,dX7HL0Gd
134,Худасов Денис Максимович,70,10д2, Худасов_ДМ,P427f7Xz
135,Швичкова Наталья Эдуардовна,398,7г4, Швичкова_НЭ,oyGS3Q0I
136,Едская Жанна Валерьевна,436,11в4, Едская_ЖВ,gClrtwTq
137,Поморзина Полина Евгеньевна,122,7д4, Поморзина_ПЕ,mM8wh1sT
138,Будачева Кира Олеговна,55,11х4, Будачева_КО,kfi7V3iH
139,Молкаев Василий Валериевич,216,8д2, Молкаев_ВВ,1X8HIfqG
140,Яцынин Константин Тимофеевич,285,7г2, Яцынин_КТ,nqYaGvy2
141,Маховиков Василий Петрович,391,7х4, Маховиков_ВП,COitvcl1
142,Шаметова Евгения Вадимовна,463,7а2, Шаметова_ЕВ,JqdSyRZa
143,Законнова Жанна Евгеньевна,442,11иNone, Законнова_ЖЕ,1tijetTn
144,Перчихин Аркадий Тимофеевич,164,10т3, Перчихин_АТ,dpNhM7ES
145,Бурдасова Ксения Игоревна,203,9а3, Бурдасова_КИ,USHKnXSg
146,Киссин Степан Иванович,251,7х5, Киссин_СИ,vOG55ZEI
147,Вапилина Мария Егоровна,77,7д2, Вапилина_МЕ,BRcQtKaY
148,Сигутина Дарья Федоровна,458,7б2, Сигутина_ДФ,q8V7CyCf
149,Сошьяков Альберт Фёдорович,17,7т4, Сошьяков_АФ,NQXUbvf7
150,Лугахина Клара Вадимовна,419,8в4, Лугахина_КВ,dWubCScK
151,Логецкий Анатолий Виталиевич,372,11б4, Логецкий_АВ,wyhxqD0Z
152,Ковайкова Юлия Егоровна,75,10г2, Ковайкова_ЮЕ,3y77Ae58
153,Вермутский Валерий Петрович,447,9и5, Вермутский_ВП,YrTB2zNa
154,Россомахов Олег Юриевич,56,8в2, Россомахов_ОЮ,oBwhfHul
155,Циплакова Екатерина Егоровна,471,9б5, Циплакова_ЕЕ,atOyoGjc
156,Квятцева Алла Никитична,138,11в2, Квятцева_АН,IK6w2B7V
157,Выхухолева Лариса Василевна,384,8б5, Выхухолева_ЛВ,O1L2pkl8
158,Целохов Андрей Вадимович,433,8и5, Целохов_АВ,mAoQDdk9
159,Бендин Иван Яковлевич,71,8и4, Бендин_ИЯ,Ojp5Jz7Z
160,Лазученков Василий Алексеевич,381,7х2, Лазученков_ВА,gDD6tI1T
161,Скоропухов Михаил Василиевич,69,10и3, Скоропухов_МВ,aaWG3W07
162,Мухонкин Тарас Романович,126,9и4, Мухонкин_ТР,FjyeYYTl
163,Камерцев Владимир Кириллович,303,7а3, Камерцев_ВК,TcAIAlz2
164,Сандрыкина Анна Олеговна,324,10т2, Сандрыкина_АО,UGWQH7Ww
165,Недбайлов Алексей Денисович,15,7т2, Недбайлов_АД,kRtiYbiG
166,Серпков Ярослав Георгиевич,380,10б4, Серпков_ЯГ,KyU21daw
167,Хатшуклов Аркадий Николаевич,42,11т4, Хатшуклов_АН,ljpXd9i4
168,Литвалиева Алиса Егоровна,10,11и3, Литвалиева_АЕ,QZR7rkPJ
169,Енесина Лиза Валерьевна,293,9б5, Енесина_ЛВ,48LusrKu
170,Пикальков Эдуард Алексиевич,21,8д5, Пикальков_ЭА,ggohqdGW
171,Сачинский Валентин Кириллович,125,10т2, Сачинский_ВК,WB6lKooG
172,Тарзанова Евгения Аркадьевна,96,9д2, Тарзанова_ЕА,dJgSwZ0U
173,Лапундин Юрий Игоревич,267,8и5, Лапундин_ЮИ,kBOzo3RO
174,Личева Лиза Михайловна,453,9б3, Личева_ЛМ,39qU9Jyj
175,Смароверов Яков Борисович,131,11в4, Смароверов_ЯБ,NmniZIkR
176,Вереина Алла Василевна,295,10и3, Вереина_АВ,jmWWctzo
177,Погиблева Дарья Леонидовна,283,9в5, Погиблева_ДЛ,v6rD6KpO
178,Байнова Анастасия Вадимовна,363,7б3, Байнова_АВ,vymF4sFC
179,Шиловский Вячеслав Максимович,438,9и4, Шиловский_ВМ,5MIlcgPZ
180,Сыждиков Пётр Василиевич,494,11х5, Сыждиков_ПВ,X82c0u8V
181,Каценова Алёна Эдуардовна,165,11т2, Каценова_АЭ,DNOczWIc
182,Мужицких Ева Олеговна,348,8х3, Мужицких_ЕО,W93fMRig
183,Плеснецов Степан Юрьевич,22,10а2, Плеснецов_СЮ,uxDfreA2
184,Игумнова Алёна Сергеевна,114,9д4, Игумнова_АС,EY5ji8Vn
185,Хадаров Владимир Валериевич,278,11т5, Хадаров_ВВ,7lyh6a0t
186,Ступакова Кира Ивановна,421,8и3, Ступакова_КИ,RPrd92Jk
187,Шоленинов Федор Максимович,286,11т4, Шоленинов_ФМ,N9lCuwLn
188,Гундаров Руслан Николаевич,158,9д4, Гундаров_РН,PZykxGUx
189,Гречишева Марина Андреевна,464,7д2, Гречишева_МА,5Eq1UkW1
190,Утилова Алена Андреевна,253,11д3, Утилова_АА,e92FV6Ga
191,Роткичева Алиса Максимовна,410,10а4, Роткичева_АМ,hvWWNpIz
192,Колтышева Марина Вадимовна,87,11г4, Колтышева_МВ,pFNszLE1
193,Гурычева Лариса Валерьевна,489,9б2, Гурычева_ЛВ,QnArbm2a
194,Горцева Кристина Никитична,246,8и4, Горцева_КН,jnF31tGL
195,Кутурин Геннадий Денисович,197,9в2, Кутурин_ГД,YAnR7E6G
196,Стефанков Яков Евгеньевич,318,10г3, Стефанков_ЯЕ,6ZSWhxTJ
197,Множина Людмила Василевна,90,8б2, Множина_ЛВ,Q0Ty19RK
198,Семисалов Георгий Иванович,316,9в3, Семисалов_ГИ,Sd1tt2BX
199,Рогалов Альберт Валериевич,327,9б2, Рогалов_АВ,RHGYf9oF
200,Черетаева Анастасия Олеговна,341,9б2, Черетаева_АО,5tq7XTC7
201,Радоминова Любовь Игоревна,25,9и5, Радоминова_ЛИ,3lWVH0cn
202,Шувырина Лиза Андреевна,395,9а5, Шувырина_ЛА,6ZGVzwBd
203,Калиженков Семён Алексеевич,401,11а4, Калиженков_СА,Yd6ZjPHK
204,Старокашин Константин Петрович,309,10а3, Старокашин_КП,R0g0qFEA
205,Малтоцов Аркадий Яковлевич,218,8а3, Малтоцов_АЯ,b2o6YToG
206,Кузеванова Ева Егоровна,116,7д2, Кузеванова_ЕЕ,4eVvVA7I
207,Нурулина Алёна Егоровна,284,9х2, Нурулина_АЕ,h68AthPI
208,Лератов Герасим Сергеевич,374,10а4, Лератов_ГС,nBWkr2L5
209,Людин Руслан Аркадиевич,498,7и3, Людин_РА,nc6Xy8Wo
210,Пурин Виктор Данилович,154,8и5, Пурин_ВД,g9oRK37S
211,Лютов Виктор Юрьевич,288,11г2, Лютов_ВЮ,6OpOJgWd
212,Марюшкина Яна Федоровна,345,10д5, Марюшкина_ЯФ,D5Hdwenz
213,Томилова Кристина Михайловна,492,11б3, Томилова_КМ,7E6lvoP1
214,Дистерев Валерий Валериевич,24,7г3, Дистерев_ВВ,Gflhdxmg
215,Дочкин Геннадий Алексиевич,52,11и5, Дочкин_ГА,KMrMS1MA
216,Иняхин Руслан Сергеевич,234,7и5, Иняхин_РС,3Jueyalw
217,Знайкова Раиса Егоровна,148,11х3, Знайкова_РЕ,f4efhmLc
218,Кашавцев Аркадий Леонидович,58,7а4, Кашавцев_АЛ,ik80r114
219,Пятернина Кристина Андреевна,445,7и2, Пятернина_КА,gN3VptJZ
220,Гусеева Карина Викторовна,263,9и2, Гусеева_КВ,tykzU8rV
221,Кастева Яна Сергеевна,108,7и2, Кастева_ЯС,55gYJR0v
222,Гришанин Тарас Павлович,113,10т2, Гришанин_ТП,QXletxga
223,Грамоткин Илья Викторович,195,8д5, Грамоткин_ИВ,I3W3dOY3
224,Мелисин Геннадий Василиевич,465,10г2, Мелисин_ГВ,7SWO4WWn
225,Цинина Светлана Яковлевна,105,11г5, Цинина_СЯ,JpB2a3T1
226,Петов Георгий Адамович,57,9а2, Петов_ГА,7ySP1MKc
227,Реева Валентина Максимовна,146,11и5, Реева_ВМ,FWthTVaR
228,Слесивых Мария Аркадьевна,35,7и5, Слесивых_МА,Pu8ewK6y
229,Афтаева Полина Ивановна,193,10д5, Афтаева_ПИ,spREhK11
230,Кривицкий Валентин Виталиевич,208,8х5, Кривицкий_ВВ,X7Y5Is9j
231,Чубатов Константин Леонидович,279,11а4, Чубатов_КЛ,rJAhzXwy
232,Партенков Геннадий Павлович,418,8х3, Партенков_ГП,ls5Go9yV
233,Черушев Григорий Борисович,84,7г4, Черушев_ГБ,ng6pbAdo
234,Тютекин Георгий Тимофеевич,262,7а2, Тютекин_ГТ,1LnDdHWk
235,Янкевский Вячеслав Адамович,167,11г4, Янкевский_ВА,W0WbICHm
236,Сухручкина Клавдия Аркадьевна,177,7в4, Сухручкина_КА,aH58D0vC
237,Конофалова Клара Петровна,95,11д5, Конофалова_КП,9FvMUnWZ
238,Лигасов Михаил Павлович,491,11г4, Лигасов_МП,HjBLbR3H
239,Писарьков Альберт Игоревич,313,8в4, Писарьков_АИ,FOGXSvxH
240,Варов Кирилл Иванович,28,8а5, Варов_КИ,uZ4ywyat
241,Пурынов Евгений Петрович,244,9и3, Пурынов_ЕП,A94885WZ
242,Супрутская Вероника Викторовна,187,9а2, Супрутская_ВВ,8SjGcKVb
243,Скроцкая Алина Федоровна,127,8г3, Скроцкая_АФ,gAzvqd4H
244,Барадулин Вадим Юрьевич,281,11х3, Барадулин_ВЮ,lYbuX3ox
245,Точилин Дмитрий Фёдорович,476,8а2, Точилин_ДФ,utNmRZvz
246,Бикмуллин Руслан Валериевич,333,11т2, Бикмуллин_РВ,uf3pBgEO
247,Серпичев Василий Алексиевич,394,10х5, Серпичев_ВА,WOVjaBgJ
248,Вострышев Яков Аркадиевич,343,8г5, Вострышев_ЯА,e81eWfAh
249,Грушчева София Евгеньевна,480,11вNone, Грушчева_СЕ,mnGevt12
250,Кулапов Александр Юрьевич,109,9б5, Кулапов_АЮ,KdD2GkKa
251,Чибисенков Владислав Фёдорович,375,8х3, Чибисенков_ВФ,TevLCoFW
252,Утилов Роман Василиевич,254,9х2, Утилов_РВ,mxFuGYcL
253,Татаурова Галина Федоровна,145,10т4, Татаурова_ГФ,xzqo6fQV
254,Визавитина Наталия Леонидовна,101,10г2, Визавитина_НЛ,pBY5AZfS
255,Мягченков Артём Денисович,115,7б4, Мягченков_АД,9xCgmYjN
256,Брикова Инна Богдановна,256,9б4, Брикова_ИБ,nWgZhB1F
257,Наторкин Валентин Данилович,319,7и2, Наторкин_ВД,kk1v8Gus
258,Эштрекова Софья Алексеевна,76,9в3, Эштрекова_СА,XmFyKi2z
259,Кутаманова Кира Андреевна,182,10т2, Кутаманова_КА,eLj3boKv
260,Кыштымова Евгения Эдуардовна,255,8в5, Кыштымова_ЕЭ,x2zmIMka
261,Ккнязева Клавдия Дмитриевна,34,7б5, Ккнязева_КД,h1FFiDyp
262,Глаголина Алиса Никитична,249,9д2, Глаголина_АН,G0Cd8Nrg
263,Рисина Раиса Валерьевна,451,10а4, Рисина_РВ,uzXCm34Z
264,Ребров Алексей Георгиевич,289,8и3, Ребров_АГ,xH4rpNeb
265,Вырысалова Александра Евгеньевна,39,11и2, Вырысалова_АЕ,XAMLF52C
266,Гомольский Владимир Юриевич,314,11х5, Гомольский_ВЮ,KkHHOh1y
267,Швинова Марина Федоровна,271,8г5, Швинова_МФ,3KJKOnZE
268,Рудковская Инна Дмитриевна,6,7т3, Рудковская_ИД,kiedX3Jd
269,Решеткина Дарья Василевна,408,10и3, Решеткина_ДВ,GH8Xw7Jk
270,Евстихеев Игорь Василиевич,422,10х5, Евстихеев_ИВ,UIpC0z88
271,Лазарина Алёна Федоровна,161,8б3, Лазарина_АФ,G7iklS6R
272,Гляченков Григорий Николаевич,431,10а5, Гляченков_ГН,upTLNn8a
273,Чардынцева Алина Вадимовна,135,10д3, Чардынцева_АВ,F5LzYHAc
274,Скаредов Яков Иванович,337,9т5, Скаредов_ЯИ,qSEt2nxq
275,Юрицкий Эдуард Денисович,192,7д3, Юрицкий_ЭД,4Ioub3R4
276,Кравчина Светлана Аркадьевна,413,11г5, Кравчина_СА,90xrDYtf
277,Чмареткова Полина Вадимовна,449,10а2, Чмареткова_ПВ,vsibziTe
278,Углова Галина Романовна,260,9г3, Углова_ГР,L1RNCbAN
279,Згуровская Виктория Андреевна,220,9т4, Згуровская_ВА,sTN8g82v
280,Секерский Станислав Сергеевич,235,10а4, Секерский_СС,mmRuJIXu
281,Жевайкин Евгений Адамович,86,11г3, Жевайкин_ЕА,lPzeZEAX
282,Коточигов Семён Игоревич,26,9д5, Коточигов_СИ,9aDsO3Cr
283,Калонин Альберт Денисович,297,8б2, Калонин_АД,yj5StNPX
284,Валягин Григорий Антонович,94,10в4, Валягин_ГА,TTJ49uqg
285,Коцева Кристина Николаевна,412,9г3, Коцева_КН,rmRVBcGN
286,Голина Кристина Максимовна,3,7х3, Голина_КМ,J8WgI8IN
287,Батрамеев Анатолий Романович,354,9х3, Батрамеев_АР,MreqXayl
288,Чикмарев Валентин Валериевич,306,9и5, Чикмарев_ВВ,14WFANiU
289,Киницына Валерия Олеговна,202,7х4, Киницына_ВО,WHNs7Uew
290,Числин Юрий Денисович,121,7в2, Числин_ЮД,tgS0dBdz
291,Стебунова Юлия Романовна,358,9т3, Стебунова_ЮР,pTakLGsM
292,Кацов Павел Павлович,236,10г5, Кацов_ПП,Setskztd
293,Гоцев Тарас Викторович,41,8в3, Гоцев_ТВ,W91U6j33
294,Мотовицкий Роман Аркадиевич,31,11и5, Мотовицкий_РА,c7sTXTt3
295,Чурзина Клара Егоровна,308,10б3, Чурзина_КЕ,auo8Rz6R
296,Щепалкина Валерия Сергеевна,134,9б4, Щепалкина_ВС,XJZ6HbT1
297,Утимишев Ярослав Игоревич,239,11а3, Утимишев_ЯИ,yjhD8yVj
298,Алуханов Кирилл Фёдорович,298,7т2, Алуханов_КФ,DyEmCZUM
299,Полунеев Валентин Валериевич,307,8и2, Полунеев_ВВ,LfvXDLDl
300,Крупенова Наталия Андреевна,209,7в5, Крупенова_НА,0iZnfC67
301,Корнюшин Илья Юрьевич,44,10т3, Корнюшин_ИЮ,se9KLWR1
302,Паушева Виолетта Никитична,310,8г4, Паушева_ВН,HM5s6y5D
303,Берзин Герасим Антонович,349,11т5, Берзин_ГА,s6m81UU9
304,Шулунова Алла Алексеевна,54,7д4, Шулунова_АА,rdlHPuru
305,Трепашова София Яковлевна,399,11а2, Трепашова_СЯ,QsFEL2V0
306,Чумейкин Константин Антонович,8,8б5, Чумейкин_КА,tLc7MOCg
307,Польшиков Денис Игоревич,495,9и2, Польшиков_ДИ,EKPD4oKY
308,Медоусова Жанна Романовна,252,7б2, Медоусова_ЖР,ky1oVGgg
309,Акуратова Клавдия Андреевна,92,9г5, Акуратова_КА,8n2UB3T3
310,Курмеева Елизавета Валерьевна,486,8а5, Курмеева_ЕВ,teOeCVwl
311,Бадов Александр Аркадиевич,217,10г3, Бадов_АА,2aXnfzOq
312,Бакушин Эдуард Адамович,265,7б5, Бакушин_ЭА,2pghqfu7
313,Чебина Инна Сергеевна,273,10т2, Чебина_ИС,0x5wRogv
314,Подледнова Наталья Ивановна,112,11и3, Подледнова_НИ,2oW0wlx9
315,Садгеева Лиза Евгеньевна,460,11г3, Садгеева_ЛЕ,4toQH1fN
316,Акушин Борис Павлович,493,9т2, Акушин_БП,nDKgHxSG
317,Аришев Руслан Кириллович,379,10т3, Аришев_РК,HcTgMLK4
318,Гуслова Кристина Олеговна,389,9в2, Гуслова_КО,5eFFvY73
319,Глоточкина Оксана Аркадьевна,370,9и5, Глоточкина_ОА,G2G7q1Rg
320,Шапина Маргарита Романовна,163,8б5, Шапина_МР,T7e2TEXH
321,Дурылин Георгий Валериевич,261,11т4, Дурылин_ГВ,WO9GYL7t
322,Болкисева Анна Викторовна,248,7х4, Болкисева_АВ,Z6Y61Tfw
323,Багапов Вячеслав Сергеевич,99,7д4, Багапов_ВС,I9jSbObG
324,Люцарева Яна Аркадьевна,376,11б2, Люцарева_ЯА,Bk5y03jm
325,Боготынина София Егоровна,63,11б5, Боготынина_СЕ,7n75wsH9
326,Саюшкин Игорь Алексиевич,211,11х5, Саюшкин_ИА,5ytzxUsE
327,Потешных Тамара Николаевна,468,11в3, Потешных_ТН,XUCU4YRh
328,Незлина Жанна Василевна,426,8б5, Незлина_ЖВ,RVncRtb0
329,Федичева Вероника Кирилловна,37,7х4, Федичева_ВК,CuEmR8Kc
330,Пустынкин Вадим Антонович,388,10в5, Пустынкин_ВА,33PIhlkV
331,Аринакова Ирина Михайловна,150,8в5, Аринакова_ИМ,Cf7TrFMK
332,Обиралкова Мария Егоровна,294,11т5, Обиралкова_МЕ,ecwkRUxk
333,Аристарова Валентина Максимовна,443,11г2, Аристарова_ВМ,QJYMLdmd
334,Яуров Герасим Юрьевич,38,9а5, Яуров_ГЮ,r9MEgood
335,Духонькин Вячеслав Фёдорович,2,9в4, Духонькин_ВФ,78QFChpK
336,Гвасков Евгений Михаилович,402,9в5, Гвасков_ЕМ,Z5htWXDS
337,Жабынина Галина Николаевна,185,7х5, Жабынина_ГН,t7dCJRfS
338,Шерюкова Виолетта Романовна,440,9б4, Шерюкова_ВР,C71hqUqT
339,Колокатов Пётр Евгеньевич,484,10в3, Колокатов_ПЕ,j1NXvdSo
340,Шайдуков Андрей Михаилович,317,9и4, Шайдуков_АМ,qqNsqBu1
341,Смирнягина Дарья Игоревна,425,10в4, Смирнягина_ДИ,Gk2FAS3Y
342,Штырева Ева Олеговна,258,11и2, Штырева_ЕО,PtnewbFI
343,Ашукин Вячеслав Михаилович,191,10т4, Ашукин_ВМ,Qv7gzVbD
344,Рубченкова Галина Алексеевна,190,9в3, Рубченкова_ГА,TzdBZZI4
345,Зархин Иван Алексиевич,478,11и5, Зархин_ИА,KRA2Grgs
346,Адиотов Дмитрий Павлович,156,7б3, Адиотов_ДП,4jd0e0Ko
347,Тищенкова Раиса Валерьевна,79,7д3, Тищенкова_РВ,gkWUEbg1
348,Лозеев Илья Петрович,205,10д2, Лозеев_ИП,OJMnYleu
349,Кобяшов Герасим Михаилович,305,11т2, Кобяшов_ГМ,rzKGrSKJ
350,Ронова Клавдия Валерьевна,107,7и4, Ронова_КВ,y6s33gv5
351,Стрижнов Алексей Евгеньевич,385,11г3, Стрижнов_АЕ,ZZiCMgNC
352,Волынский Алексей Виталиевич,362,11т5, Волынский_АВ,d7JSQhTW
353,Машонский Василий Данилович,23,9д5, Машонский_ВД,4vnWehv0
354,Буриева Зинаида Аркадьевна,104,11д4, Буриева_ЗА,A3KlkMyw
355,Борщина Алёна Ивановна,377,11а5, Борщина_АИ,2yAnmRzO
356,Белчков Олег Иванович,275,10а4, Белчков_ОИ,zeuU2Vm1
357,Остропиков Альберт Данилович,157,8г2, Остропиков_АД,GxriqoOx
358,Оргонова Любовь Максимовна,264,7б4, Оргонова_ЛМ,NuaEGbM5
359,Мальков Юрий Евгеньевич,228,7г3, Мальков_ЮЕ,aLnJnntY
360,Свльхова Наталья Вадимовна,160,9т5, Свльхова_НВ,1YzAKJYX
361,Мякушков Герасим Леонидович,102,10т3, Мякушков_ГЛ,e3M5K6J0
362,Межуев Георгий Юриевич,355,8г4, Межуев_ГЮ,aaeL2no7
363,Чериншев Александр Сергеевич,439,8а2, Чериншев_АС,XG3K4vZg
364,Муниров Алексей Андреевич,117,11г3, Муниров_АА,T9wrbdJz
365,Климухин Руслан Романович,269,10в3, Климухин_РР,24BiSJTe
366,Дембская Екатерина Никитична,64,11б4, Дембская_ЕН,uGYb9rYj
367,Тюнеев Яков Фёдорович,417,10т2, Тюнеев_ЯФ,F5C90B7o
368,Трушитин Антон Данилович,168,9х3, Трушитин_АД,JypIdMWi
369,Балакишиев Роман Алексиевич,143,11х5, Балакишиев_РА,dGptD3Nt
370,Немтюрева Валерия Аркадьевна,12,10г4, Немтюрева_ВА,T5biE7c0
371,Складанова Клавдия Аркадьевна,257,9а3, Складанова_КА,qVGJvWK1
372,Заходина Полина Леонидовна,93,10д4, Заходина_ПЛ,pxvmTzCY
373,Муринов Анатолий Борисович,171,11б5, Муринов_АБ,AyEXYKEV
374,Гришалова Любовь Евгеньевна,301,8т3, Гришалова_ЛЕ,sXIBdNw2
375,Ситчихин Станислав Георгиевич,247,8т5, Ситчихин_СГ,JYW2vqFo
376,Просяных Георгий Василиевич,366,9в2, Просяных_ГВ,FBorFdGE
377,Дзабиев Григорий Георгиевич,259,11д5, Дзабиев_ГГ,9fZ35E9a
378,Рыбаулин Григорий Алексеевич,140,11а5, Рыбаулин_ГА,WyM2jRQz
379,Тупиева Екатерина Ивановна,400,7д2, Тупиева_ЕИ,NH1Ctptk
380,Куверчева Алена Ивановна,170,10д3, Куверчева_АИ,KMDRqgMT
381,Цаблинова Виктория Богдановна,342,9г4, Цаблинова_ВБ,LTQU9WGR
382,Синенков Григорий Леонидович,230,9в5, Синенков_ГЛ,DiH25tMc
383,Лизункин Артур Олегович,4,11в5, Лизункин_АО,TwIdAWtI
384,Славущева Александра Эдуардовна,81,8а5, Славущева_АЭ,CTyzR99H
385,Шахвердов Дмитрий Антонович,132,11б2, Шахвердов_ДА,PG7cKrzm
386,Рапацкая Ольга Ивановна,223,10г3, Рапацкая_ОИ,jTAriEQr
387,Сторокожев Виталий Аркадиевич,159,9б2, Сторокожев_ВА,iEQ13s7X
388,Половодов Кирилл Николаевич,18,8т5, Половодов_КН,yOBw1ETs
389,Халтанова Алена Дмитриевна,49,8б3, Халтанова_АД,M7jprxOI
390,Заложнев Роман Фёдорович,448,8в4, Заложнев_РФ,6n2pnmrh
391,Рыжих Кристина Аркадьевна,213,7а4, Рыжих_КА,wK7S1QWl
392,Буров Руслан Игоревич,405,11и5, Буров_РИ,gQeFwdQ6
393,Гачков Виталий Евгеньевич,277,9т4, Гачков_ВЕ,niqD6Q5E
394,Кадилов Геннадий Борисович,225,10в3, Кадилов_ГБ,AEqtyq4y
395,Гликина Алёна Эдуардовна,454,9б3, Гликина_АЭ,aNQql2Kb
396,Ичкинина Любовь Андреевна,299,8г5, Ичкинина_ЛА,EDjAiogm
397,Мозшорина Кира Дмитриевна,65,8б3, Мозшорина_КД,e36uc1MF
398,Брижеватов Константин Борисович,152,11т2, Брижеватов_КБ,Jh8ZY5Eh
399,Бучеров Тарас Викторович,429,10д4, Бучеров_ТВ,0SsFF9wq
400,Мисютина Валерия Эдуардовна,368,9г2, Мисютина_ВЭ,YCsdAKAo
401,Льянов Федор Вадимович,328,8а4, Льянов_ФВ,BFa5HEF6
402,Щуркин Георгий Яковлевич,180,8в4, Щуркин_ГЯ,5ToJjDiN
403,Акулин Федор Адамович,241,10г4, Акулин_ФА,ZnuHlFS1
404,Волженкова Екатерина Ивановна,233,9д4, Волженкова_ЕИ,fELPhskE
405,Махометова София Викторовна,424,8и3, Махометова_СВ,dkOV3exM
406,Зызлов Геннадий Антонович,274,7в3, Зызлов_ГА,MUAiRwET
407,Девляшова Кира Олеговна,51,11д5, Девляшова_КО,0oH2GVNk
408,Яковкина Алена Никитична,320,9т5, Яковкина_АН,auj3iLdi
409,Бузулев Вадим Николаевич,331,10д3, Бузулев_ВН,n1zWldzI
410,Ганельский Юрий Юриевич,474,9д3, Ганельский_ЮЮ,kqYYCNRb
411,Шкапрова Ева Ивановна,371,7б5, Шкапрова_ЕИ,G5MuQpxe
412,Чичирин Владимир Георгиевич,11,10а4, Чичирин_ВГ,wexSaogR
413,Шилова Надежда Викторовна,124,9б2, Шилова_НВ,QX3rEVwx
414,Коваев Руслан Михаилович,487,9т3, Коваев_РМ,Z5loKcbj
415,Саверина Надежда Андреевна,407,11б4, Саверина_НА,4vZmjL7d
416,Тишанкин Олег Адамович,334,9д3, Тишанкин_ОА,5MzeflPg
417,Широпаев Валерий Сергеевич,406,9б2, Широпаев_ВС,8oSDVHdF
418,Щепанин Олег Адамович,226,7а3, Щепанин_ОА,05l25hqm
419,Оплетин Владислав Аркадиевич,361,10х4, Оплетин_ВА,KHt3jR3S
420,Оденова Карина Андреевна,409,8и4, Оденова_КА,h2pR4WC3
421,Семагин Альберт Андреевич,456,10х4, Семагин_АА,FDbTFdZM
422,Черданцева Анастасия Олеговна,128,8х3, Черданцева_АО,NRWQxnHi
423,Лонцова Елизавета Эдуардовна,224,7х3, Лонцова_ЕЭ,xXQYn3k6
424,Сарсекеева Алёна Никитична,462,11и4, Сарсекеева_АН,LuJGBWvX
425,Аковецкий Антон Евгеньевич,500,8б4, Аковецкий_АЕ,KYcJ66Uw
426,Аратский Станислав Борисович,351,9и2, Аратский_СБ,LwCS8WgV
427,Чужриков Пётр Денисович,200,9в3, Чужриков_ПД,WEUATkDL
428,Никитшин Алексей Кириллович,111,11и3, Никитшин_АК,LQ7QWrgn
429,Симендяев Василий Алексиевич,45,8д4, Симендяев_ВА,f1m0nyAQ
430,Ошитков Максим Сергеевич,151,10г4, Ошитков_МС,rkewoBK3
431,Юрасов Евгений Романович,338,9и3, Юрасов_ЕР,NEbCGD4c
432,Головяшин Павел Юриевич,179,7г5, Головяшин_ПЮ,W3Lw6U2u
433,Манжурина Екатерина Сергеевна,219,7т3, Манжурина_ЕС,h3jC7EKn
434,Никурашин Олег Евгеньевич,291,11х2, Никурашин_ОЕ,qvsyWfYo
435,Бехтерев Федор Вадимович,137,9х3, Бехтерев_ФВ,vGgSXzce
436,Годлевская Катерина Дмитриевна,403,11г3, Годлевская_КД,mLj2TBRW
437,Акиярова Алина Эдуардовна,9,11а4, Акиярова_АЭ,Hok3ZGzN
438,Милина Алена Петровна,359,8г3, Милина_АП,TNPTNboP
439,Воловин Борис Викторович,350,7т2, Воловин_БВ,IgWckNLj
440,Туморина Ксения Федоровна,133,8б5, Туморина_КФ,2ALwSyVT
441,Желейков Вячеслав Яковлевич,199,8г3, Желейков_ВЯ,2jdgj8aC
442,Шишорнина Екатерина Алексеевна,183,8т3, Шишорнина_ЕА,nRSw4Uei
443,Юумогулова Виолетта Игоревна,311,10х3, Юумогулова_ВИ,1kGlYCNU
444,Рецков Денис Денисович,85,10д2, Рецков_ДД,0ncsqKmM
445,Химунина Елизавета Ивановна,392,7д2, Химунина_ЕИ,7udzVv5Q
446,Кобрянов Александр Алексиевич,455,7т2, Кобрянов_АА,1ZDm14eV
447,Бирылов Тарас Данилович,243,11а3, Бирылов_ТД,ttt6PKth
448,Туфатулин Ярослав Леонидович,485,8х4, Туфатулин_ЯЛ,Cy70PxP0
449,Долбишев Николай Аркадиевич,292,10б5, Долбишев_НА,R0YOqj0l
450,Махтумова Алёна Эдуардовна,186,10б4, Махтумова_АЭ,TcKAs15S
451,Нарзаркин Алексей Романович,423,10т2, Нарзаркин_АР,alY6aqxP
452,Куранина Алена Леонидовна,196,9б4, Куранина_АЛ,JBqYrqcj
453,Ситюков Аркадий Евгеньевич,32,10в3, Ситюков_АЕ,2vOmajSq
454,Мизюрова Алиса Никитична,176,7г4, Мизюрова_АН,bSd1Yc5G
455,Пандурова Алиса Дмитриевна,130,9б2, Пандурова_АД,7PcbnPP4
456,Жилейкин Борис Тимофеевич,91,7в2, Жилейкин_БТ,oJw6q5ke
457,Корпункова Виолетта Сергеевна,83,11а3, Корпункова_ВС,jULs4UdD
458,Пашохонова Анастасия Федоровна,467,9в4, Пашохонова_АФ,RysXuGPp
459,Сузальцева Тамара Михайловна,357,8х4, Сузальцева_ТМ,fqFV3Ydy
460,Чиличкина Светлана Яковлевна,5,8в5, Чиличкина_СЯ,mcx1bJCA
461,Шантыкова Карина Максимовна,198,10д3, Шантыкова_КМ,i27KJYe7
462,Недосекин Владислав Яковлевич,457,10а4, Недосекин_ВЯ,99Pc0heR
463,Максимкин Федор Фёдорович,172,10г2, Максимкин_ФФ,PDLcuyuh
464,Матбиюшина Виктория Игоревна,237,8д2, Матбиюшина_ВИ,6Buut1gQ
465,Шишкунов Герасим Юрьевич,110,8т4, Шишкунов_ГЮ,FYmKTsGC
466,Сухинин Георгий Алексиевич,475,10х4, Сухинин_ГА,JCSYW9FN
467,Бисеева Полина Романовна,48,7д5, Бисеева_ПР,qI4ug5NL
468,Жукулов Михаил Денисович,60,11г3, Жукулов_МД,cDnYaOsv
469,Тоняев Герасим Петрович,378,9т5, Тоняев_ГП,BS9OWKns
470,Шушенкова Алёна Олеговна,36,7и2, Шушенкова_АО,fm6HLJWJ
471,Разроев Дмитрий Павлович,59,9а2, Разроев_ДП,zfroELJV
472,Баззаев Анатолий Данилович,339,9д2, Баззаев_АД,pabb2dkn
473,Цекова Алла Олеговна,50,8д2, Цекова_АО,jVLEOBPe
474,Аборонова Алиса Алексеевна,444,7г5, Аборонова_АА,ezhGAyzM
475,Ягловская Ева Олеговна,181,8в4, Ягловская_ЕО,zzscPWZu
476,Шароварова Яна Романовна,175,8а4, Шароварова_ЯР,y0ZCtudO
477,Общев Яков Викторович,466,8а4, Общев_ЯВ,NY6Hqs70
478,Ойзерская Катерина Эдуардовна,120,7х2, Ойзерская_КЭ,o5lYK2kF
479,Прусский Ярослав Иванович,479,11б2, Прусский_ЯИ,bpYn2LUc
480,Лабинов Павел Алексеевич,272,7б5, Лабинов_ПА,w694CBx2
481,Покровов Эдуард Павлович,312,8б2, Покровов_ЭП,NLhWjRJ9
482,Мачехин Эдуард Данилович,19,7д3, Мачехин_ЭД,Q0DF66An
483,Кодорская Раиса Ивановна,27,11б3, Кодорская_РИ,23uAQ8KX
484,Кондраева Марина Ивановна,469,9д3, Кондраева_МИ,APMrZi7Q
485,Бульенков Валентин Иванович,136,10т4, Бульенков_ВИ,tvx8LsED
486,Тагакова Вероника Яковлевна,393,8т4, Тагакова_ВЯ,WYUmLwop
487,Гершанова Любовь Евгеньевна,383,11т5, Гершанова_ЛЕ,orcZlJyH
488,Салина Алена Егоровна,73,11в5, Салина_АЕ,ZwB8KxPQ
489,Фрумова Зинаида Аркадьевна,78,8а4, Фрумова_ЗА,cjMoYfX5
490,Хорняков Борис Борисович,13,8г2, Хорняков_ББ,o7iB8Y2o
491,Гдагазина Лиза Василевна,212,9т5, Гдагазина_ЛВ,OxV7aaTN
492,Агаршев Ярослав Михаилович,276,9т2, Агаршев_ЯМ,yBBcqCWN
493,Корюшин Пётр Антонович,326,8х2, Корюшин_ПА,YAicjWaC
494,Калаев Пётр Алексиевич,68,8а3, Калаев_ПА,2olal5e9
495,Ккаталкина Виолетта Егоровна,53,7б2, Ккаталкина_ВЕ,nU8ULtSI
496,Рачнов Герасим Алексеевич,103,10а5, Рачнов_ГА,AMAuPEXd
497,Миндубаева Людмила Леонидовна,477,11и2, Миндубаева_ЛЛ,W3TVixzL
498,Агафьева Вера Ивановна,352,11х3, Агафьева_ВИ,GH4s9MkS
499,Житин Эдуард Адамович,481,9а5, Житин_ЭА,kBui7MuI
